_id,active,createdDate,lastLogin,role,signUpSource,state
5ff1e194b6a9d73a3a9f1052,True,{'$date': 1609687444800},2021-01-03 15:25:37.858,consumer,Email,WI
5ff1e194b6a9d73a3a9f1052,True,{'$date': 1609687444800},2021-01-03 15:25:37.858,consumer,Email,WI
5ff1e1eacfcf6c399c274ae6,True,{'$date': 1609687530554},2021-01-03 15:25:30.597,consumer,Email,WI
5ff1e194b6a9d73a3a9f1052,True,{'$date': 1609687444800},2021-01-03 15:25:37.858,consumer,Email,WI
5ff1e194b6a9d73a3a9f1052,True,{'$date': 1609687444800},2021-01-03 15:25:37.858,consumer,Email,WI
5ff1e1e8cfcf6c399c274ad9,True,{'$date': 1609687528354},2021-01-03 15:25:28.392,consumer,Email,WI
5ff1e1b7cfcf6c399c274a5a,True,{'$date': 1609687479626},2021-01-03 15:24:39.665,consumer,Email,WI
5ff1e194b6a9d73a3a9f1052,True,{'$date': 1609687444800},2021-01-03 15:25:37.858,consumer,Email,WI
5ff1e1f1cfcf6c399c274b0b,True,{'$date': 1609687537564},2021-01-03 15:25:37.599,consumer,Email,WI
5ff1e194b6a9d73a3a9f1052,True,{'$date': 1609687444800},2021-01-03 15:25:37.858,consumer,Email,WI
5ff1e1eacfcf6c399c274ae6,True,{'$date': 1609687530554},2021-01-03 15:25:30.597,consumer,Email,WI
5ff1e194b6a9d73a3a9f1052,True,{'$date': 1609687444800},2021-01-03 15:25:37.858,consumer,Email,WI
5ff1e1eacfcf6c399c274ae6,True,{'$date': 1609687530554},2021-01-03 15:25:30.597,consumer,Email,WI
5ff1e194b6a9d73a3a9f1052,True,{'$date': 1609687444800},2021-01-03 15:25:37.858,consumer,Email,WI
5ff1e194b6a9d73a3a9f1052,True,{'$date': 1609687444800},2021-01-03 15:25:37.858,consumer,Email,WI
5ff1e1e4cfcf6c399c274ac3,True,{'$date': 1609687524656},2021-01-03 15:25:24.694,consumer,Email,WI
5ff1e1b4cfcf6c399c274a54,True,{'$date': 1609687476410},2021-01-03 15:24:36.452,consumer,Email,WI
5ff1e1eacfcf6c399c274ae6,True,{'$date': 1609687530554},2021-01-03 15:25:30.597,consumer,Email,WI
5ff1e194b6a9d73a3a9f1052,True,{'$date': 1609687444800},2021-01-03 15:25:37.858,consumer,Email,WI
5ff370c562fde912123a5e0e,True,{'$date': 1609789637776},2021-01-04 19:50:50.563,consumer,Email,WI
5ff36d0362fde912123a5535,True,{'$date': 1609788675973},2021-01-04 19:34:42.944,consumer,Email,WI
5ff36d83135e7011bcb864d6,True,{'$date': 1609788803244},2021-01-04 19:33:23.425,consumer,Email,WI
5ff36c8862fde912123a538a,True,{'$date': 1609788552943},2021-01-04 19:29:13.141,consumer,Email,WI
5ff370c562fde912123a5e0e,True,{'$date': 1609789637776},2021-01-04 19:50:50.563,consumer,Email,WI
5ff36be7135e7011bcb856d3,True,{'$date': 1609788391239},2021-01-04 19:29:52.726,consumer,Email,WI
5ff36d0362fde912123a5535,True,{'$date': 1609788675973},2021-01-04 19:34:42.944,consumer,Email,WI
5ff36be7135e7011bcb856d3,True,{'$date': 1609788391239},2021-01-04 19:29:52.726,consumer,Email,WI
5ff36a3862fde912123a4460,True,{'$date': 1609787960352},2021-01-04 19:23:05.340,consumer,Email,WI
5ff36d0362fde912123a5535,True,{'$date': 1609788675973},2021-01-04 19:34:42.944,consumer,Email,WI
5ff36c8e135e7011bcb85da4,True,{'$date': 1609788558994},2021-01-04 19:29:19.173,consumer,Email,WI
5ff36a3862fde912123a4460,True,{'$date': 1609787960352},2021-01-04 19:23:05.340,consumer,Email,WI
5ff370c562fde912123a5e0e,True,{'$date': 1609789637776},2021-01-04 19:50:50.563,consumer,Email,WI
5ff36a3862fde912123a4460,True,{'$date': 1609787960352},2021-01-04 19:23:05.340,consumer,Email,WI
5ff36a3862fde912123a4460,True,{'$date': 1609787960352},2021-01-04 19:23:05.340,consumer,Email,WI
5ff370c562fde912123a5e0e,True,{'$date': 1609789637776},2021-01-04 19:50:50.563,consumer,Email,WI
5ff36a3862fde912123a4460,True,{'$date': 1609787960352},2021-01-04 19:23:05.340,consumer,Email,WI
5ff370c562fde912123a5e0e,True,{'$date': 1609789637776},2021-01-04 19:50:50.563,consumer,Email,WI
5ff3711e62fde912123a620e,True,{'$date': 1609789726807},2021-01-04 19:48:46.997,consumer,Email,WI
5ff36be7135e7011bcb856d3,True,{'$date': 1609788391239},2021-01-04 19:29:52.726,consumer,Email,WI
5ff4ce33c3d63511e2a484b6,True,{'$date': 1609879091229},2021-01-05 20:39:55.131,consumer,Email,WI
5ff473e7c1e2d0121a9b2697,True,{'$date': 1609855975669},2021-01-05 14:12:55.877,consumer,Email,WI
5ff47392c3d63511e2a47881,True,{'$date': 1609855890233},2021-01-05 14:15:33.550,consumer,Email,WI
5ff47392c3d63511e2a47881,True,{'$date': 1609855890233},2021-01-05 14:15:33.550,consumer,Email,WI
5ff4ce33c3d63511e2a484b6,True,{'$date': 1609879091229},2021-01-05 20:39:55.131,consumer,Email,WI
5ff4ce91c1e2d0121a9b3057,True,{'$date': 1609879185282},2021-01-05 20:39:45.329,consumer,Email,WI
5ff47392c3d63511e2a47881,True,{'$date': 1609855890233},2021-01-05 14:15:33.550,consumer,Email,WI
5ff4ce3dc3d63511e2a484dc,True,{'$date': 1609879101887},2021-01-05 20:38:21.938,consumer,Email,WI
5ff4ce33c3d63511e2a484b6,True,{'$date': 1609879091229},2021-01-05 20:39:55.131,consumer,Email,WI
5ff4ce3dc3d63511e2a484dc,True,{'$date': 1609879101887},2021-01-05 20:38:21.938,consumer,Email,WI
5ff4ce33c3d63511e2a484b6,True,{'$date': 1609879091229},2021-01-05 20:39:55.131,consumer,Email,WI
5ff47392c3d63511e2a47881,True,{'$date': 1609855890233},2021-01-05 14:15:33.550,consumer,Email,WI
5ff4ce3dc3d63511e2a484dc,True,{'$date': 1609879101887},2021-01-05 20:38:21.938,consumer,Email,WI
5ff4ce3dc3d63511e2a484dc,True,{'$date': 1609879101887},2021-01-05 20:38:21.938,consumer,Email,WI
5ff4ce33c3d63511e2a484b6,True,{'$date': 1609879091229},2021-01-05 20:39:55.131,consumer,Email,WI
5ff4ce34c3d63511e2a484ba,True,{'$date': 1609879092503},2021-01-05 20:38:12.565,consumer,Email,WI
5ff4ce33c3d63511e2a484b6,True,{'$date': 1609879091229},2021-01-05 20:39:55.131,consumer,Email,WI
5ff4ce33c3d63511e2a484b6,True,{'$date': 1609879091229},2021-01-05 20:39:55.131,consumer,Email,WI
5ff4ce3ac1e2d0121a9b2fb3,True,{'$date': 1609879098446},2021-01-05 20:38:18.495,consumer,Email,WI
5ff47392c3d63511e2a47881,True,{'$date': 1609855890233},2021-01-05 14:15:33.550,consumer,Email,WI
5ff5d15aeb7c7d12096d91a2,True,{'$date': 1609945434680},2021-01-06 15:08:10.009,consumer,Email,WI
5ff5d15aeb7c7d12096d91a2,True,{'$date': 1609945434680},2021-01-06 15:08:10.009,consumer,Email,WI
5ff5d15aeb7c7d12096d91a2,True,{'$date': 1609945434680},2021-01-06 15:08:10.009,consumer,Email,WI
5ff5d15aeb7c7d12096d91a2,True,{'$date': 1609945434680},2021-01-06 15:08:10.009,consumer,Email,WI
5ff5d15aeb7c7d12096d91a2,True,{'$date': 1609945434680},2021-01-06 15:08:10.009,consumer,Email,WI
5ff5d15aeb7c7d12096d91a2,True,{'$date': 1609945434680},2021-01-06 15:08:10.009,consumer,Email,WI
5ff5d1a38f142f11dd1886ba,True,{'$date': 1609945507667},2021-01-06 15:05:07.878,consumer,Email,WI
5ff5d15aeb7c7d12096d91a2,True,{'$date': 1609945434680},2021-01-06 15:08:10.009,consumer,Email,WI
5ff5d15aeb7c7d12096d91a2,True,{'$date': 1609945434680},2021-01-06 15:08:10.009,consumer,Email,WI
5ff5d15aeb7c7d12096d91a2,True,{'$date': 1609945434680},2021-01-06 15:08:10.009,consumer,Email,WI
5ff5d15aeb7c7d12096d91a2,True,{'$date': 1609945434680},2021-01-06 15:08:10.009,consumer,Email,WI
5ff5d15aeb7c7d12096d91a2,True,{'$date': 1609945434680},2021-01-06 15:08:10.009,consumer,Email,WI
5ff5d15aeb7c7d12096d91a2,True,{'$date': 1609945434680},2021-01-06 15:08:10.009,consumer,Email,WI
5ff5d15aeb7c7d12096d91a2,True,{'$date': 1609945434680},2021-01-06 15:08:10.009,consumer,Email,WI
5ff5d15aeb7c7d12096d91a2,True,{'$date': 1609945434680},2021-01-06 15:08:10.009,consumer,Email,WI
5ff5d15aeb7c7d12096d91a2,True,{'$date': 1609945434680},2021-01-06 15:08:10.009,consumer,Email,WI
5ff5d1d08f142f11dd18884c,True,{'$date': 1609945552484},2021-01-06 15:05:52.717,consumer,Email,WI
5ff5d15aeb7c7d12096d91a2,True,{'$date': 1609945434680},2021-01-06 15:08:10.009,consumer,Email,WI
5ff5d15aeb7c7d12096d91a2,True,{'$date': 1609945434680},2021-01-06 15:08:10.009,consumer,Email,WI
5ff5d15aeb7c7d12096d91a2,True,{'$date': 1609945434680},2021-01-06 15:08:10.009,consumer,Email,WI
5ff7264e8f142f11dd189504,True,{'$date': 1610032718596},2021-01-07 15:20:26.821,consumer,Email,WI
5ff7401ceb7c7d31ca8a46e0,True,{'$date': 1610039324072},2021-01-07 17:08:44.352,consumer,Email,WI
5ff73bea8f142f3276c3e84a,True,{'$date': 1610038250206},2021-01-07 16:50:50.255,consumer,Email,WI
5ff74f3db3348b11c93361d1,True,{'$date': 1610043197921},2021-01-07 18:17:03.217,consumer,Email,WI
5ff7264e8f142f11dd189504,True,{'$date': 1610032718596},2021-01-07 15:20:26.821,consumer,Email,WI
5ff73b90eb7c7d31ca8a452b,True,{'$date': 1610038160959},2021-01-07 16:51:07.267,consumer,Email,WI
5ff7930fb3348b11c93372a6,True,{'$date': 1610060559759},2021-01-07 23:09:54.656,consumer,Email,WI
5ff7268eeb7c7d12096da2a9,True,{'$date': 1610032782584},2021-01-07 15:19:42.630,consumer,Email,WI
5ff7268eeb7c7d12096da2a9,True,{'$date': 1610032782584},2021-01-07 15:19:42.630,consumer,Email,WI
5ff7264e8f142f11dd189504,True,{'$date': 1610032718596},2021-01-07 15:20:26.821,consumer,Email,WI
5ff7930fb3348b11c93372a6,True,{'$date': 1610060559759},2021-01-07 23:09:54.656,consumer,Email,WI
5ff726a0eb7c7d12096da2db,True,{'$date': 1610032800299},2021-01-07 15:20:00.353,consumer,Email,WI
5ff793dd04929111f6e90c69,True,{'$date': 1610060765503},2021-01-07 23:06:05.681,consumer,Email,WI
5ff7949eb3348b11c93373d2,True,{'$date': 1610060958699},2021-01-07 23:09:18.840,consumer,Email,WI
5ff7268c8f142f11dd189579,True,{'$date': 1610032780196},2021-01-07 15:19:40.243,consumer,Email,WI
5ff73b90eb7c7d31ca8a452b,True,{'$date': 1610038160959},2021-01-07 16:51:07.267,consumer,Email,WI
5ff7264e8f142f11dd189504,True,{'$date': 1610032718596},2021-01-07 15:20:26.821,consumer,Email,WI
5ff616a68f142f11dd189163,True,{'$date': 1609963174996},,consumer,Email,KY
5ff7930fb3348b11c93372a6,True,{'$date': 1610060559759},2021-01-07 23:09:54.656,consumer,Email,WI
5ff79464b3348b11c933738b,True,{'$date': 1610060900153},2021-01-07 23:08:20.301,consumer,Email,WI
5ff8c241b3348b11c93379fc,True,{'$date': 1610138177626},2021-01-08 20:36:17.831,consumer,Email,WI
5ff8ce8504929111f6e913cb,True,{'$date': 1610141317743},2021-01-08 21:29:59.411,consumer,Email,WI
5ff8ce8504929111f6e913cb,True,{'$date': 1610141317743},2021-01-08 21:29:59.411,consumer,Email,WI
5ff873d1b3348b11c9337716,True,{'$date': 1610118097348},2021-01-08 15:03:21.259,consumer,Email,WI
5ff873ef04929111f6e910f0,True,{'$date': 1610118127604},2021-01-08 15:02:07.655,consumer,Email,WI
5ff8c4e8b3348b11c9337a11,True,{'$date': 1610138856724},2021-01-08 20:47:37.088,consumer,Email,WI
5ff873d1b3348b11c9337716,True,{'$date': 1610118097348},2021-01-08 15:03:21.259,consumer,Email,WI
5ff8da28b3348b11c9337ac6,True,{'$date': 1610144296844},2021-01-08 22:19:49.939,consumer,Email,WI
5ff8da7db3348b11c9337b6a,True,{'$date': 1610144381689},2021-01-08 22:19:41.738,consumer,Email,WI
5ff873ddb3348b11c9337733,True,{'$date': 1610118109160},2021-01-08 15:01:49.202,consumer,Email,WI
5ff8a11db3348b11c93378aa,True,{'$date': 1610129693734},2021-01-08 18:14:53.928,consumer,Email,WI
5ff873d1b3348b11c9337716,True,{'$date': 1610118097348},2021-01-08 15:03:21.259,consumer,Email,WI
5ff873d1b3348b11c9337716,True,{'$date': 1610118097348},2021-01-08 15:03:21.259,consumer,Email,WI
5ff873d1b3348b11c9337716,True,{'$date': 1610118097348},2021-01-08 15:03:21.259,consumer,Email,WI
5ff8ce8504929111f6e913cb,True,{'$date': 1610141317743},2021-01-08 21:29:59.411,consumer,Email,WI
5ff8d634b3348b11c9337aa4,True,{'$date': 1610143284238},2021-01-08 22:01:24.518,consumer,Email,WI
5ff8da28b3348b11c9337ac6,True,{'$date': 1610144296844},2021-01-08 22:19:49.939,consumer,Email,WI
5ff8c330b3348b11c9337a04,True,{'$date': 1610138416722},2021-01-08 20:40:16.933,consumer,Email,WI
5ff873ddb3348b11c9337733,True,{'$date': 1610118109160},2021-01-08 15:01:49.202,consumer,Email,WI
5ff8da7eb3348b11c9337b72,True,{'$date': 1610144382704},2021-01-08 22:19:42.749,consumer,Email,WI
5ffcb47d04929111f6e9256c,True,{'$date': 1610396797225},2021-01-11 20:28:21.430,consumer,Email,WI
5ffc8ff9b3348b11c9338896,True,{'$date': 1610387449527},2021-01-11 17:50:49.567,consumer,Email,WI
5ffc8f9704929111f6e922bf,True,{'$date': 1610387351890},2021-01-11 17:50:56.750,consumer,Email,WI
5ffc9001b3348b11c93388b6,True,{'$date': 1610387457375},2021-01-11 17:50:57.415,consumer,Email,WI
5ffc8ff9b3348b11c9338896,True,{'$date': 1610387449527},2021-01-11 17:50:49.567,consumer,Email,WI
5ffc8f9704929111f6e922bf,True,{'$date': 1610387351890},2021-01-11 17:50:56.750,consumer,Email,WI
5ffc8f9704929111f6e922bf,True,{'$date': 1610387351890},2021-01-11 17:50:56.750,consumer,Email,WI
5ffc8ff9b3348b11c9338896,True,{'$date': 1610387449527},2021-01-11 17:50:49.567,consumer,Email,WI
5ffc8ff9b3348b11c9338896,True,{'$date': 1610387449527},2021-01-11 17:50:49.567,consumer,Email,WI
5ffcb4bc04929111f6e92608,True,{'$date': 1610396860225},2021-01-11 20:27:40.265,consumer,Email,WI
5ffc9d87b3348b11c9338920,True,{'$date': 1610390919076},2021-01-11 18:50:13.461,consumer,Email,WI
5ffc8f9704929111f6e922bf,True,{'$date': 1610387351890},2021-01-11 17:50:56.750,consumer,Email,WI
5ffc9d87b3348b11c9338920,True,{'$date': 1610390919076},2021-01-11 18:50:13.461,consumer,Email,WI
5ffcb47d04929111f6e9256c,True,{'$date': 1610396797225},2021-01-11 20:28:21.430,consumer,Email,WI
5ffc9d87b3348b11c9338920,True,{'$date': 1610390919076},2021-01-11 18:50:13.461,consumer,Email,WI
5ffc8f9704929111f6e922bf,True,{'$date': 1610387351890},2021-01-11 17:50:56.750,consumer,Email,WI
5ffcb4bc04929111f6e92608,True,{'$date': 1610396860225},2021-01-11 20:27:40.265,consumer,Email,WI
5ffc8f9704929111f6e922bf,True,{'$date': 1610387351890},2021-01-11 17:50:56.750,consumer,Email,WI
5ffc9d9f04929111f6e92456,True,{'$date': 1610390943920},2021-01-11 18:49:03.965,consumer,Email,WI
5ffca30604929111f6e92525,True,{'$date': 1610392326515},2021-01-11 19:12:06.791,consumer,Email,WI
5fff0f9804929101d0ab0697,True,{'$date': 1610551192446},2021-01-13 15:19:52.678,consumer,Email,WI
5fff0f4fb3348b03eb45abb0,True,{'$date': 1610551119070},2021-01-13 15:22:02.153,consumer,Email,WI
5fff4beedf9ace121f0c17ea,True,{'$date': 1610566638415},2021-01-13 19:41:12.676,consumer,Email,WI
5ffe115404929101d0aaebb2,True,{'$date': 1610486100208},,consumer,Email,AL
5fff55dabd4dff11dda8f5f1,True,{'$date': 1610569178721},2021-01-13 20:23:26.975,consumer,Email,WI
5fff0f4fb3348b03eb45abb0,True,{'$date': 1610551119070},2021-01-13 15:22:02.153,consumer,Email,WI
5fff55dabd4dff11dda8f5f1,True,{'$date': 1610569178721},2021-01-13 20:23:26.975,consumer,Email,WI
5fff4beedf9ace121f0c17ea,True,{'$date': 1610566638415},2021-01-13 19:41:12.676,consumer,Email,WI
5ffe115404929101d0aaebb2,True,{'$date': 1610486100208},,consumer,Email,AL
5fff26bab3348b03eb45bb22,True,{'$date': 1610557114027},2021-01-13 16:58:34.075,consumer,Email,WI
5fff55dabd4dff11dda8f5f1,True,{'$date': 1610569178721},2021-01-13 20:23:26.975,consumer,Email,WI
5fff0f4fb3348b03eb45abb0,True,{'$date': 1610551119070},2021-01-13 15:22:02.153,consumer,Email,WI
5fff55dabd4dff11dda8f5f1,True,{'$date': 1610569178721},2021-01-13 20:23:26.975,consumer,Email,WI
5fff55dabd4dff11dda8f5f1,True,{'$date': 1610569178721},2021-01-13 20:23:26.975,consumer,Email,WI
5fff4c7461ffa811fdb0854c,True,{'$date': 1610566772913},2021-01-13 19:39:33.163,consumer,Email,WI
5fff26bfb3348b03eb45bb32,True,{'$date': 1610557119411},2021-01-13 16:58:39.463,consumer,Email,WI
5fff55dabd4dff11dda8f5f1,True,{'$date': 1610569178721},2021-01-13 20:23:26.975,consumer,Email,WI
5fff0f4fb3348b03eb45abb0,True,{'$date': 1610551119070},2021-01-13 15:22:02.153,consumer,Email,WI
5fff26f2b3348b03eb45bbb9,True,{'$date': 1610557170518},2021-01-13 16:59:30.567,consumer,Email,WI
5fff55dabd4dff11dda8f5f1,True,{'$date': 1610569178721},2021-01-13 20:23:26.975,consumer,Email,WI
6000d4bae2571211db395b9f,True,{'$date': 1610667194861},2021-01-14 23:33:14.903,consumer,Email,WI
600056a3f7e5b011fce897b0,True,{'$date': 1610634915207},2021-01-14 14:37:10.767,consumer,Email,WI
600056a3f7e5b011fce897b0,True,{'$date': 1610634915207},2021-01-14 14:37:10.767,consumer,Email,WI
600056a3f7e5b011fce897b0,True,{'$date': 1610634915207},2021-01-14 14:37:10.767,consumer,Email,WI
6000d46cfb296c121a81b20c,True,{'$date': 1610667116665},2021-01-14 23:33:52.701,consumer,Email,WI
6000b7aefb296c121a8198b1,True,{'$date': 1610659758188},2021-01-14 21:33:22.666,consumer,Email,WI
60005709bd4dff11dda90ac1,True,{'$date': 1610635017988},2021-01-14 14:36:58.051,consumer,Email,WI
6000b7aefb296c121a8198b1,True,{'$date': 1610659758188},2021-01-14 21:33:22.666,consumer,Email,WI
600056a3f7e5b011fce897b0,True,{'$date': 1610634915207},2021-01-14 14:37:10.767,consumer,Email,WI
6000b7aefb296c121a8198b1,True,{'$date': 1610659758188},2021-01-14 21:33:22.666,consumer,Email,WI
5e27526d0bdb6a138c32b556,True,{'$date': 1579635309795},,consumer,Google,WI
600056a3f7e5b011fce897b0,True,{'$date': 1610634915207},2021-01-14 14:37:10.767,consumer,Email,WI
6000d46cfb296c121a81b20c,True,{'$date': 1610667116665},2021-01-14 23:33:52.701,consumer,Email,WI
6000d4abe2571211db395b5c,True,{'$date': 1610667179197},2021-01-14 23:32:59.248,consumer,Email,WI
600056d6bd4dff11dda90a3f,True,{'$date': 1610634966157},2021-01-14 14:36:06.208,consumer,Email,WI
60005704bd4dff11dda90a9d,True,{'$date': 1610635012368},2021-01-14 14:36:52.418,consumer,Email,WI
600056a3f7e5b011fce897b0,True,{'$date': 1610634915207},2021-01-14 14:37:10.767,consumer,Email,WI
600056a3f7e5b011fce897b0,True,{'$date': 1610634915207},2021-01-14 14:37:10.767,consumer,Email,WI
600056a3f7e5b011fce897b0,True,{'$date': 1610634915207},2021-01-14 14:37:10.767,consumer,Email,WI
60005709bd4dff11dda90ac1,True,{'$date': 1610635017988},2021-01-14 14:36:58.051,consumer,Email,WI
6002475cfb296c121a81b98d,True,{'$date': 1610762076571},,consumer,Email,WI
60024f24e257124ec6b99a13,True,{'$date': 1610764069345},,consumer,Email,WI
60037329e257124ec6b99eeb,True,{'$date': 1610838825574},,consumer,Email,WI
6000b75bbe5fc96dfee1d4d3,True,{'$date': 1610659675938},,consumer,Email,AL
6002541ae257124ec6b99a3a,True,{'$date': 1610765338736},,consumer,Email,WI
6000b75bbe5fc96dfee1d4d3,True,{'$date': 1610659675938},,consumer,Email,AL
600258dafb296c4ef805d9b7,True,{'$date': 1610766554959},,consumer,Email,WI
60025c65fb296c4ef805d9e6,True,{'$date': 1610767461980},,consumer,Email,WI
60037005e257124ec6b99ec2,True,{'$date': 1610838021504},,consumer,Email,WI
60025c65fb296c4ef805d9e6,True,{'$date': 1610767461980},,consumer,Email,WI
6000b75bbe5fc96dfee1d4d3,True,{'$date': 1610659675938},,consumer,Email,AL
6000b75bbe5fc96dfee1d4d3,True,{'$date': 1610659675938},,consumer,Email,AL
60025c65fb296c4ef805d9e6,True,{'$date': 1610767461980},,consumer,Email,WI
6000b75bbe5fc96dfee1d4d3,True,{'$date': 1610659675938},,consumer,Email,AL
6000b75bbe5fc96dfee1d4d3,True,{'$date': 1610659675938},,consumer,Email,AL
60023de5fb296c121a81b955,True,{'$date': 1610759653653},,consumer,Email,CO
6002541ae257124ec6b99a3a,True,{'$date': 1610765338736},,consumer,Email,WI
60049cdce257124ec6b9a353,True,{'$date': 1610915036994},,consumer,Email,WI
60025fe0e257124ec6b99a87,True,{'$date': 1610768353154},,consumer,Email,WI
600498c4e257124ec6b9a331,True,{'$date': 1610913989321},,consumer,Email,WI
6004a5d3fb296c4ef805e256,True,{'$date': 1610917331432},,consumer,Email,WI
60037a94fb296c4ef805ddbe,True,{'$date': 1610840725319},,consumer,Email,WI
600495c3fb296c4ef805e1fc,True,{'$date': 1610913219356},,consumer,Email,WI
6004a965e257124ec6b9a39f,True,{'$date': 1610918245327},,consumer,Email,WI
6007464b6e64691717e8c1f0,True,{'$date': 1611089483347},2021-01-19 20:55:08.492,consumer,Email,WI
6007464b6e64691717e8c1f0,True,{'$date': 1611089483347},2021-01-19 20:55:08.492,consumer,Email,WI
600741d06e6469120a787853,True,{'$date': 1611088337000},2021-01-19 20:39:03.299,consumer,Email,WI
600748196e64691717e8d4f0,True,{'$date': 1611089945175},2021-01-19 21:02:42.824,consumer,Email,WI
600746fd6e64691717e8cfb5,True,{'$date': 1611089661274},2021-01-19 20:54:21.487,consumer,Email,WI
60074b49325c8a1794623876,True,{'$date': 1611090761649},2021-01-19 21:16:09.332,consumer,Email,WI
60074b49325c8a1794623876,True,{'$date': 1611090761649},2021-01-19 21:16:09.332,consumer,Email,WI
60074b996e64691717e8f11a,True,{'$date': 1611090841809},2021-01-19 21:14:02.010,consumer,Email,WI
600748196e64691717e8d4f0,True,{'$date': 1611089945175},2021-01-19 21:02:42.824,consumer,Email,WI
600741d06e6469120a787853,True,{'$date': 1611088337000},2021-01-19 20:39:03.299,consumer,Email,WI
600741d06e6469120a787853,True,{'$date': 1611088337000},2021-01-19 20:39:03.299,consumer,Email,WI
600741d06e6469120a787853,True,{'$date': 1611088337000},2021-01-19 20:39:03.299,consumer,Email,WI
600741d06e6469120a787853,True,{'$date': 1611088337000},2021-01-19 20:39:03.299,consumer,Email,WI
600748196e64691717e8d4f0,True,{'$date': 1611089945175},2021-01-19 21:02:42.824,consumer,Email,WI
600741d06e6469120a787853,True,{'$date': 1611088337000},2021-01-19 20:39:03.299,consumer,Email,WI
6007464b6e64691717e8c1f0,True,{'$date': 1611089483347},2021-01-19 20:55:08.492,consumer,Email,WI
600748196e64691717e8d4f0,True,{'$date': 1611089945175},2021-01-19 21:02:42.824,consumer,Email,WI
60074246325c8a12289e22a0,True,{'$date': 1611088455284},2021-01-19 20:34:15.511,consumer,Email,WI
60074883325c8a1794622a12,True,{'$date': 1611090051464},2021-01-19 21:00:51.660,consumer,Email,WI
6006f786fb296c7f688530f8,True,{'$date': 1611069318644},,consumer,Email,AL
60088d55633aab121bb8e41a,True,{'$date': 1611173205740},2021-01-20 20:07:54.542,consumer,Email,WI
6008893b633aab121bb8e0a9,True,{'$date': 1611172155040},2021-01-20 19:50:33.205,consumer,Email,WI
6008893b633aab121bb8e0a9,True,{'$date': 1611172155040},2021-01-20 19:50:33.205,consumer,Email,WI
60083a1e325c8a17946255de,True,{'$date': 1611151902022},2021-01-20 14:15:04.611,consumer,Email,WI
6008896c633aab121bb8e11d,True,{'$date': 1611172204439},,consumer,Email,WI
60086a09b6310511daa4e1e9,True,{'$date': 1611164169747},2021-01-20 17:36:10.045,consumer,Email,WI
60088d55633aab121bb8e41a,True,{'$date': 1611173205740},2021-01-20 20:07:54.542,consumer,Email,WI
60088e5d633aab121bb8e5cf,True,{'$date': 1611173469989},2021-01-20 20:11:10.035,consumer,Email,WI
60085b3dbe5fc90ee6a67b11,True,{'$date': 1611160381152},2021-01-20 16:36:54.993,consumer,Email,WI
60088e44b6310511daa4ef80,True,{'$date': 1611173444695},2021-01-20 20:11:55.932,consumer,Email,WI
6008893b633aab121bb8e0a9,True,{'$date': 1611172155040},2021-01-20 19:50:33.205,consumer,Email,WI
6008893b633aab121bb8e0a9,True,{'$date': 1611172155040},2021-01-20 19:50:33.205,consumer,Email,WI
60088d84633aab121bb8e4a6,True,{'$date': 1611173252034},2021-01-20 20:07:32.079,consumer,Email,WI
6008873eb6310511daa4e8eb,True,{'$date': 1611171646148},2021-01-20 19:42:58.793,consumer,Email,WI
60086978633aab121bb8c895,True,{'$date': 1611164024062},2021-01-20 17:37:31.189,consumer,Email,WI
60088a25b6310511daa4ec42,True,{'$date': 1611172389274},2021-01-20 19:54:22.851,consumer,Email,WI
6008622ebe5fc9247bab4eb9,False,{'$date': 1611162158662},2021-01-20 17:02:38.931,consumer,Email,WI
6008893b633aab121bb8e0a9,True,{'$date': 1611172155040},2021-01-20 19:50:33.205,consumer,Email,WI
6008897ab6310511daa4ebdc,True,{'$date': 1611172218469},2021-01-20 19:50:18.526,consumer,Email,WI
60088a46b6310511daa4ec97,True,{'$date': 1611172422902},2021-01-20 19:53:42.948,consumer,Email,WI
600987d77d983a11f63cfa92,True,{'$date': 1611237335327},2021-01-21 13:59:21.063,consumer,Email,WI
600987d77d983a11f63cfa92,True,{'$date': 1611237335327},2021-01-21 13:59:21.063,consumer,Email,WI
600987d77d983a11f63cfa92,True,{'$date': 1611237335327},2021-01-21 13:59:21.063,consumer,Email,WI
6008f02fb6310511daa4f314,True,{'$date': 1611198511692},,consumer,Email,IL
600988557d983a11f63d08ef,True,{'$date': 1611237461269},2021-01-21 13:57:41.485,consumer,Email,WI
6009885c50b33111fd61eee9,True,{'$date': 1611237468490},2021-01-21 13:57:48.698,consumer,Email,WI
600987d77d983a11f63cfa92,True,{'$date': 1611237335327},2021-01-21 13:59:21.063,consumer,Email,WI
6009e60450b3311194385009,True,{'$date': 1611261445244},,consumer,Email,WI
6009e60450b3311194385009,True,{'$date': 1611261445244},,consumer,Email,WI
6008d447b6310511daa4f281,True,{'$date': 1611191367425},,consumer,Email,WI
6009e60450b3311194385009,True,{'$date': 1611261445244},,consumer,Email,WI
600987d77d983a11f63cfa92,True,{'$date': 1611237335327},2021-01-21 13:59:21.063,consumer,Email,WI
60099c1450b33111fd61f702,True,{'$date': 1611242516507},,consumer,Email,WI
600987d77d983a11f63cfa92,True,{'$date': 1611237335327},2021-01-21 13:59:21.063,consumer,Email,WI
6008e9cdb6310511daa4f2e4,True,{'$date': 1611196877264},,consumer,Email,IL
600987d77d983a11f63cfa92,True,{'$date': 1611237335327},2021-01-21 13:59:21.063,consumer,Email,WI
600a03e17d983a124e9adb0f,True,{'$date': 1611269089842},,consumer,Email,WI
600987d77d983a11f63cfa92,True,{'$date': 1611237335327},2021-01-21 13:59:21.063,consumer,Email,WI
600987d77d983a11f63cfa92,True,{'$date': 1611237335327},2021-01-21 13:59:21.063,consumer,Email,WI
600992d17d983a11f63d11ad,True,{'$date': 1611240145107},,consumer,Email,WI
600b477e7d983a124e9ae061,True,{'$date': 1611351934904},,consumer,Email,WI
600f008f4329897eac237bd8,True,{'$date': 1611595919409},2021-01-25 17:35:51.918,consumer,Email,WI
600f008f4329897eac237bd8,True,{'$date': 1611595919409},2021-01-25 17:35:51.918,consumer,Email,WI
600f008f4329897eac237bd8,True,{'$date': 1611595919409},2021-01-25 17:35:51.918,consumer,Email,WI
600ed4815edb7811cde6b50b,True,{'$date': 1611584641806},2021-01-25 14:24:02.036,consumer,Email,WI
600f008f4329897eac237bd8,True,{'$date': 1611595919409},2021-01-25 17:35:51.918,consumer,Email,WI
600f41b2bd196811e68ea219,True,{'$date': 1611612595031},2021-01-25 22:16:29.531,consumer,Email,WI
600f20c15edb787dce060911,True,{'$date': 1611604161843},,consumer,Email,WI
600f47f06fd0dc1768a34a12,True,{'$date': 1611614192551},2021-01-25 22:40:13.981,consumer,Email,WI
600ed42e43298911ce45d1fa,True,{'$date': 1611584559286},2021-01-25 14:29:24.970,consumer,Email,WI
600ed42e43298911ce45d1fa,True,{'$date': 1611584559286},2021-01-25 14:29:24.970,consumer,Email,WI
600f41b2bd196811e68ea219,True,{'$date': 1611612595031},2021-01-25 22:16:29.531,consumer,Email,WI
600ed42e43298911ce45d1fa,True,{'$date': 1611584559286},2021-01-25 14:29:24.970,consumer,Email,WI
600f008f4329897eac237bd8,True,{'$date': 1611595919409},2021-01-25 17:35:51.918,consumer,Email,WI
600f008f4329897eac237bd8,True,{'$date': 1611595919409},2021-01-25 17:35:51.918,consumer,Email,WI
600eea525edb7811cde6c81c,True,{'$date': 1611590227029},,consumer,Email,WI
600f008f4329897eac237bd8,True,{'$date': 1611595919409},2021-01-25 17:35:51.918,consumer,Email,WI
600ed48a5edb7811cde6b549,True,{'$date': 1611584650969},2021-01-25 14:24:11.193,consumer,Email,WI
600f47f06fd0dc1768a34a12,True,{'$date': 1611614192551},2021-01-25 22:40:13.981,consumer,Email,WI
600f47f06fd0dc1768a34a12,True,{'$date': 1611614192551},2021-01-25 22:40:13.981,consumer,Email,WI
600ed42e43298911ce45d1fa,True,{'$date': 1611584559286},2021-01-25 14:29:24.970,consumer,Email,WI
600fb1ac73c60b12049027bb,True,{'$date': 1611641260879},2021-01-26 06:11:23.950,consumer,Email,WI
600fb1ac73c60b12049027bb,True,{'$date': 1611641260879},2021-01-26 06:11:23.950,consumer,Email,WI
600fb1ac73c60b12049027bb,True,{'$date': 1611641260879},2021-01-26 06:11:23.950,consumer,Email,WI
600fb1ac73c60b12049027bb,True,{'$date': 1611641260879},2021-01-26 06:11:23.950,consumer,Email,WI
600fb1ac73c60b12049027bb,True,{'$date': 1611641260879},2021-01-26 06:11:23.950,consumer,Email,WI
600fb1ec73c60b1204902af4,True,{'$date': 1611641324058},2021-01-26 06:08:44.267,consumer,Email,WI
600fb1ac73c60b12049027bb,True,{'$date': 1611641260879},2021-01-26 06:11:23.950,consumer,Email,WI
600fb1ac73c60b12049027bb,True,{'$date': 1611641260879},2021-01-26 06:11:23.950,consumer,Email,WI
600fb1ac73c60b12049027bb,True,{'$date': 1611641260879},2021-01-26 06:11:23.950,consumer,Email,WI
600fb1ac73c60b12049027bb,True,{'$date': 1611641260879},2021-01-26 06:11:23.950,consumer,Email,WI
600fb1ac73c60b12049027bb,True,{'$date': 1611641260879},2021-01-26 06:11:23.950,consumer,Email,WI
600fb1ac73c60b12049027bb,True,{'$date': 1611641260879},2021-01-26 06:11:23.950,consumer,Email,WI
600fb1e4a4b74c120bd18777,True,{'$date': 1611641316799},2021-01-26 06:08:37.094,consumer,Email,WI
600fb1ac73c60b12049027bb,True,{'$date': 1611641260879},2021-01-26 06:11:23.950,consumer,Email,WI
600fb1ac73c60b12049027bb,True,{'$date': 1611641260879},2021-01-26 06:11:23.950,consumer,Email,WI
600fb1ac73c60b12049027bb,True,{'$date': 1611641260879},2021-01-26 06:11:23.950,consumer,Email,WI
600fb1ac73c60b12049027bb,True,{'$date': 1611641260879},2021-01-26 06:11:23.950,consumer,Email,WI
600fb1ac73c60b12049027bb,True,{'$date': 1611641260879},2021-01-26 06:11:23.950,consumer,Email,WI
6011f33173c60b1804ce1102,True,{'$date': 1611789105991},2021-01-27 23:11:46.040,consumer,Email,WI
6011f43ba4b74c18d3a8ca01,True,{'$date': 1611789371933},2021-01-27 23:16:12.023,consumer,Email,WI
6011f31ea4b74c18d3a8c476,True,{'$date': 1611789086702},2021-01-27 23:16:11.198,consumer,Email,WI
6011f31ea4b74c18d3a8c476,True,{'$date': 1611789086702},2021-01-27 23:16:11.198,consumer,Email,WI
6011f31ea4b74c18d3a8c476,True,{'$date': 1611789086702},2021-01-27 23:16:11.198,consumer,Email,WI
6011f42773c60b1804ce1607,True,{'$date': 1611789351961},2021-01-27 23:15:52.006,consumer,Email,WI
60118bcfa4b74c18d3a8c0d7,True,{'$date': 1611762639664},2021-01-27 15:52:41.503,consumer,Email,WI
6010be65a4b74c120bd19edc,True,{'$date': 1611710053600},2021-01-27 01:14:13.644,consumer,Email,WI
6010bddaa4b74c120bd19dfb,True,{'$date': 1611709914997},2021-01-27 01:14:25.032,consumer,Email,WI
60118c0fa4b74c18d3a8c151,True,{'$date': 1611762703511},2021-01-27 15:51:43.566,consumer,Email,WI
6011f33173c60b1804ce1102,True,{'$date': 1611789105991},2021-01-27 23:11:46.040,consumer,Email,WI
6010bddaa4b74c120bd19dfb,True,{'$date': 1611709914997},2021-01-27 01:14:25.032,consumer,Email,WI
6011f33173c60b1804ce1102,True,{'$date': 1611789105991},2021-01-27 23:11:46.040,consumer,Email,WI
60118bcfa4b74c18d3a8c0d7,True,{'$date': 1611762639664},2021-01-27 15:52:41.503,consumer,Email,WI
6010bddaa4b74c120bd19dfb,True,{'$date': 1611709914997},2021-01-27 01:14:25.032,consumer,Email,WI
60118bcfa4b74c18d3a8c0d7,True,{'$date': 1611762639664},2021-01-27 15:52:41.503,consumer,Email,WI
6011f31ea4b74c18d3a8c476,True,{'$date': 1611789086702},2021-01-27 23:16:11.198,consumer,Email,WI
6010be6673c60b12049040ef,True,{'$date': 1611710054981},2021-01-27 01:14:15.028,consumer,Email,WI
6011f33173c60b1804ce1102,True,{'$date': 1611789105991},2021-01-27 23:11:46.040,consumer,Email,WI
6010be6173c60b12049040d7,True,{'$date': 1611710049100},2021-01-27 01:14:09.163,consumer,Email,WI
60132acb73c60b3ca7f3ba32,True,{'$date': 1611868875898},2021-01-28 21:25:01.904,consumer,Email,WI
60132acb73c60b3ca7f3ba32,True,{'$date': 1611868875898},2021-01-28 21:25:01.904,consumer,Email,WI
600f00d05edb787dce05fb84,True,{'$date': 1611595984549},,consumer,Email,WI
60132acb73c60b3ca7f3ba32,True,{'$date': 1611868875898},2021-01-28 21:25:01.904,consumer,Email,WI
600f00d05edb787dce05fb84,True,{'$date': 1611595984549},,consumer,Email,WI
60132b85a4b74c3cbc516295,True,{'$date': 1611869061761},2021-01-28 21:24:21.913,consumer,Email,WI
60132b8b73c60b3ca7f3baee,True,{'$date': 1611869067222},2021-01-28 21:24:27.387,consumer,Email,WI
600f19914329897eac238fef,True,{'$date': 1611602321390},,consumer,Email,WI
6014558767804a1228b20d00,True,{'$date': 1611945351391},2021-01-29 18:35:51.434,consumer,Email,WI
601465c567804a1228b20f89,True,{'$date': 1611949509523},2021-01-29 19:45:09.567,consumer,Email,WI
60145a3c84231211ce796c5d,True,{'$date': 1611946556507},2021-01-29 18:58:36.699,consumer,Email,WI
6014499c67804a1228b1f5b0,True,{'$date': 1611942300842},2021-01-29 18:00:01.464,consumer,Email,WI
600f35015edb782098e2ac1b,True,{'$date': 1611609346246},,consumer,Email,WI
60147001c8b50e11d8453c36,True,{'$date': 1611952129403},2021-01-29 20:28:49.622,consumer,Email,WI
60145a5584231211ce796cac,True,{'$date': 1611946581484},2021-01-29 18:56:21.542,consumer,Email,WI
6014558767804a1228b20d00,True,{'$date': 1611945351391},2021-01-29 18:35:51.434,consumer,Email,WI
6014319173c60b3ca7f3bf01,True,{'$date': 1611936145330},2021-01-29 16:05:28.918,consumer,Email,WI
6014558467804a1228b20cf0,True,{'$date': 1611945348060},2021-01-29 18:35:48.133,consumer,Email,WI
6014485b84231211ce793d79,True,{'$date': 1611941979324},2021-01-29 17:43:11.937,consumer,Email,WI
601431c173c60b3ca7f3bf63,True,{'$date': 1611936193318},2021-01-29 16:03:13.362,consumer,Email,WI
601465a884231211ce796db3,True,{'$date': 1611949480680},2021-01-29 19:44:40.758,consumer,Email,WI
60145ff384231211ce796d51,True,{'$date': 1611948019722},,consumer,Email,
60146f2ac8b50e11d8452661,True,{'$date': 1611951914221},2021-01-29 20:29:08.512,consumer,Email,WI
60145a3c84231211ce796c5d,True,{'$date': 1611946556507},2021-01-29 18:58:36.699,consumer,Email,WI
6014658e67804a1228b20ef4,True,{'$date': 1611949454197},2021-01-29 19:46:07.347,consumer,Email,WI
601442ce67804a1228b1dc41,True,{'$date': 1611940558195},2021-01-29 17:18:54.023,consumer,Email,WI
601465a584231211ce796da5,True,{'$date': 1611949477376},2021-01-29 19:44:37.437,consumer,Email,WI
60145ff384231211ce796d51,True,{'$date': 1611948019722},,consumer,Email,
60147d2ac8b50e11d8453f53,True,{'$date': 1611955498184},,consumer,Email,OH
60147d2ac8b50e11d8453f53,True,{'$date': 1611955498184},,consumer,Email,OH
601890a99a1b091205b61ced,True,{'$date': 1612222633079},2021-02-01 23:37:13.126,consumer,Email,WI
60183090c8b50e11d84549c0,True,{'$date': 1612198032843},2021-02-01 16:48:32.031,consumer,Email,WI
60183090c8b50e11d84549c0,True,{'$date': 1612198032843},2021-02-01 16:48:32.031,consumer,Email,WI
60147d2ac8b50e11d8453f53,True,{'$date': 1611955498184},,consumer,Email,OH
60182f4ac8b50e11d8454946,True,{'$date': 1612197706573},2021-02-01 16:41:46.615,consumer,Email,WI
60182d6dc8b50e11d84547b2,True,{'$date': 1612197229873},2021-02-01 16:36:01.759,consumer,Email,WI
60147d2ac8b50e11d8453f53,True,{'$date': 1611955498184},,consumer,Email,OH
60183c579a1b091205b61a5f,True,{'$date': 1612201047795},2021-02-01 17:39:27.811,consumer,Email,WI
60147d2ac8b50e11d8453f53,True,{'$date': 1611955498184},,consumer,Email,OH
60189c94c8b50e11d8454f6b,True,{'$date': 1612225684020},2021-02-02 00:28:04.073,consumer,Email,WI
60189c74c8b50e11d8454eff,True,{'$date': 1612225652642},2021-02-02 00:29:09.977,consumer,Email,WI
60189c74c8b50e11d8454eff,True,{'$date': 1612225652642},2021-02-02 00:29:09.977,consumer,Email,WI
60189c94c8b50e11d8454f6b,True,{'$date': 1612225684020},2021-02-02 00:28:04.073,consumer,Email,WI
60189c74c8b50e11d8454eff,True,{'$date': 1612225652642},2021-02-02 00:29:09.977,consumer,Email,WI
60189c74c8b50e11d8454eff,True,{'$date': 1612225652642},2021-02-02 00:29:09.977,consumer,Email,WI
60189c88c8b50e11d8454f2f,True,{'$date': 1612225672817},2021-02-02 00:27:52.868,consumer,Email,WI
60189c74c8b50e11d8454eff,True,{'$date': 1612225652642},2021-02-02 00:29:09.977,consumer,Email,WI
60189c859a1b091205b61de1,True,{'$date': 1612225669145},2021-02-02 00:27:49.193,consumer,Email,WI
60189c74c8b50e11d8454eff,True,{'$date': 1612225652642},2021-02-02 00:29:09.977,consumer,Email,WI
60189c74c8b50e11d8454eff,True,{'$date': 1612225652642},2021-02-02 00:29:09.977,consumer,Email,WI
60189c94c8b50e11d8454f6b,True,{'$date': 1612225684020},2021-02-02 00:28:04.073,consumer,Email,WI
60189c94c8b50e11d8454f6b,True,{'$date': 1612225684020},2021-02-02 00:28:04.073,consumer,Email,WI
60186237c8b50e11d8454d5f,True,{'$date': 1612210743551},,consumer,Email,
60186237c8b50e11d8454d5f,True,{'$date': 1612210743551},,consumer,Email,
601ac1da591789121574dc07,True,{'$date': 1612366298705},2021-02-03 15:31:38.909,consumer,Email,WI
60186237c8b50e11d8454d5f,True,{'$date': 1612210743551},,consumer,Email,
60183e6c9a1b091205b61b49,True,{'$date': 1612201580468},,consumer,Email,SC
601ac195af4b1a1205f7560f,True,{'$date': 1612366229397},2021-02-03 15:34:11.043,consumer,Email,WI
60186237c8b50e11d8454d5f,True,{'$date': 1612210743551},,consumer,Email,
60186237c8b50e11d8454d5f,True,{'$date': 1612210743551},,consumer,Email,
601c6887969c0b11f7d0c81f,True,{'$date': 1612474503045},2021-02-04 21:36:30.188,consumer,Email,WI
601c68d229c30a1227ada484,True,{'$date': 1612474578530},2021-02-04 21:36:18.572,consumer,Email,WI
601c2c05969c0b11f7d0b097,True,{'$date': 1612459013700},2021-02-04 17:20:30.228,consumer,Email,WI
601c2c6a29c30a1227ad93bd,True,{'$date': 1612459114447},2021-02-04 17:18:34.650,consumer,Email,WI
601c2c05969c0b11f7d0b097,True,{'$date': 1612459013700},2021-02-04 17:20:30.228,consumer,Email,WI
55308179e4b0eabd8f99caa2,True,{'$date': 1429242233186},2018-05-07 17:23:40.003,consumer,,WI
60217fa799409b11fcf899fe,True,{'$date': 1612808103714},,consumer,Email,WI
602176c9b57b8a12187fe77e,True,{'$date': 1612805833950},2021-02-08 17:37:13.989,consumer,Email,WI
602176a3b57b8a12187fe717,True,{'$date': 1612805795109},2021-02-08 17:36:35.150,consumer,Email,WI
6022998599409b11fcf89c53,True,{'$date': 1612880261257},2021-02-09 14:18:58.835,consumer,Email,WI
60229990b57b8a12187fe9e0,True,{'$date': 1612880272581},2021-02-09 14:17:52.626,consumer,Email,WI
60229990b57b8a12187fe9e0,True,{'$date': 1612880272581},2021-02-09 14:17:52.626,consumer,Email,WI
59c124bae4b0299e55b0f330,True,{'$date': 1505830074302},2021-02-08 16:42:58.117,fetch-staff,,WI
59c124bae4b0299e55b0f330,True,{'$date': 1505830074302},2021-02-08 16:42:58.117,fetch-staff,,WI
59c124bae4b0299e55b0f330,True,{'$date': 1505830074302},2021-02-08 16:42:58.117,fetch-staff,,WI
59c124bae4b0299e55b0f330,True,{'$date': 1505830074302},2021-02-08 16:42:58.117,fetch-staff,,WI
59c124bae4b0299e55b0f330,True,{'$date': 1505830074302},2021-02-08 16:42:58.117,fetch-staff,,WI
59c124bae4b0299e55b0f330,True,{'$date': 1505830074302},2021-02-08 16:42:58.117,fetch-staff,,WI
59c124bae4b0299e55b0f330,True,{'$date': 1505830074302},2021-02-08 16:42:58.117,fetch-staff,,WI
59c124bae4b0299e55b0f330,True,{'$date': 1505830074302},2021-02-08 16:42:58.117,fetch-staff,,WI
59c124bae4b0299e55b0f330,True,{'$date': 1505830074302},2021-02-08 16:42:58.117,fetch-staff,,WI
6024399defa60112282c0ac9,True,{'$date': 1612986781857},2021-02-10 19:53:02.079,consumer,Email,WI
59c124bae4b0299e55b0f330,True,{'$date': 1505830074302},2021-02-08 16:42:58.117,fetch-staff,,WI
59c124bae4b0299e55b0f330,True,{'$date': 1505830074302},2021-02-08 16:42:58.117,fetch-staff,,WI
59c124bae4b0299e55b0f330,True,{'$date': 1505830074302},2021-02-08 16:42:58.117,fetch-staff,,WI
5f2068904928021530f8fc34,True,{'$date': 1595959440905},2021-02-04 15:30:05.375,fetch-staff,Email,WI
59c124bae4b0299e55b0f330,True,{'$date': 1505830074302},2021-02-08 16:42:58.117,fetch-staff,,WI
59c124bae4b0299e55b0f330,True,{'$date': 1505830074302},2021-02-08 16:42:58.117,fetch-staff,,WI
59c124bae4b0299e55b0f330,True,{'$date': 1505830074302},2021-02-08 16:42:58.117,fetch-staff,,WI
59c124bae4b0299e55b0f330,True,{'$date': 1505830074302},2021-02-08 16:42:58.117,fetch-staff,,WI
59c124bae4b0299e55b0f330,True,{'$date': 1505830074302},2021-02-08 16:42:58.117,fetch-staff,,WI
59c124bae4b0299e55b0f330,True,{'$date': 1505830074302},2021-02-08 16:42:58.117,fetch-staff,,WI
602558b1efa60114d20e5dc7,True,{'$date': 1613060273738},2021-02-11 16:17:53.798,consumer,Email,WI
602538adb54593795bf692ac,True,{'$date': 1613052077332},2021-02-11 14:01:17.388,consumer,Email,WI
60255883efa60114d20e5d4e,True,{'$date': 1613060227502},2021-02-11 16:18:29.219,consumer,Email,WI
602558adb5459313e1e9b7ce,True,{'$date': 1613060269831},2021-02-11 16:17:49.893,consumer,Email,WI
6025388fb54593795bf69234,True,{'$date': 1613052047269},2021-02-11 14:00:47.332,consumer,Email,WI
5fb0a078be5fc9775c1f3945,True,{'$date': 1605410936818},,consumer,Google,AL
60268c7aefa6011bb1510786,True,{'$date': 1613139066240},2021-02-12 14:11:06.294,consumer,Email,WI
5a43c08fe4b014fd6b6a0612,True,{'$date': 1514389647059},2021-02-12 16:22:37.155,consumer,,
5a43c08fe4b014fd6b6a0612,True,{'$date': 1514389647059},2021-02-12 16:22:37.155,consumer,,
5a43c08fe4b014fd6b6a0612,True,{'$date': 1514389647059},2021-02-12 16:22:37.155,consumer,,
5a43c08fe4b014fd6b6a0612,True,{'$date': 1514389647059},2021-02-12 16:22:37.155,consumer,,
5a43c08fe4b014fd6b6a0612,True,{'$date': 1514389647059},2021-02-12 16:22:37.155,consumer,,
60268c69efa6011bb151075f,True,{'$date': 1613139049408},2021-02-12 14:12:07.107,consumer,Email,WI
5a43c08fe4b014fd6b6a0612,True,{'$date': 1514389647059},2021-02-12 16:22:37.155,consumer,,
5fb0a078be5fc9775c1f3945,True,{'$date': 1605410936818},,consumer,Google,AL
5a43c08fe4b014fd6b6a0612,True,{'$date': 1514389647059},2021-02-12 16:22:37.155,consumer,,
5a43c08fe4b014fd6b6a0612,True,{'$date': 1514389647059},2021-02-12 16:22:37.155,consumer,,
5fbc35711d967d1222cbfefc,True,{'$date': 1606169969509},2021-02-26 04:25:51.057,fetch-staff,Email,
5fbc35711d967d1222cbfefc,True,{'$date': 1606169969509},2021-02-26 04:25:51.057,fetch-staff,Email,
5fbc35711d967d1222cbfefc,True,{'$date': 1606169969509},2021-02-26 04:25:51.057,fetch-staff,Email,
5fc961c3b8cfca11a077dd33,True,{'$date': 1607033283936},2021-02-26 22:39:16.799,fetch-staff,Email,NH
5fc961c3b8cfca11a077dd33,True,{'$date': 1607033283936},2021-02-26 22:39:16.799,fetch-staff,Email,NH
5fc961c3b8cfca11a077dd33,True,{'$date': 1607033283936},2021-02-26 22:39:16.799,fetch-staff,Email,NH
5fc961c3b8cfca11a077dd33,True,{'$date': 1607033283936},2021-02-26 22:39:16.799,fetch-staff,Email,NH
5fc961c3b8cfca11a077dd33,True,{'$date': 1607033283936},2021-02-26 22:39:16.799,fetch-staff,Email,NH
5fc961c3b8cfca11a077dd33,True,{'$date': 1607033283936},2021-02-26 22:39:16.799,fetch-staff,Email,NH
5fc961c3b8cfca11a077dd33,True,{'$date': 1607033283936},2021-02-26 22:39:16.799,fetch-staff,Email,NH
5fc961c3b8cfca11a077dd33,True,{'$date': 1607033283936},2021-02-26 22:39:16.799,fetch-staff,Email,NH
5fc961c3b8cfca11a077dd33,True,{'$date': 1607033283936},2021-02-26 22:39:16.799,fetch-staff,Email,NH
5fc961c3b8cfca11a077dd33,True,{'$date': 1607033283936},2021-02-26 22:39:16.799,fetch-staff,Email,NH
5fc961c3b8cfca11a077dd33,True,{'$date': 1607033283936},2021-02-26 22:39:16.799,fetch-staff,Email,NH
5fc961c3b8cfca11a077dd33,True,{'$date': 1607033283936},2021-02-26 22:39:16.799,fetch-staff,Email,NH
5fc961c3b8cfca11a077dd33,True,{'$date': 1607033283936},2021-02-26 22:39:16.799,fetch-staff,Email,NH
5fc961c3b8cfca11a077dd33,True,{'$date': 1607033283936},2021-02-26 22:39:16.799,fetch-staff,Email,NH
5fc961c3b8cfca11a077dd33,True,{'$date': 1607033283936},2021-02-26 22:39:16.799,fetch-staff,Email,NH
5fc961c3b8cfca11a077dd33,True,{'$date': 1607033283936},2021-02-26 22:39:16.799,fetch-staff,Email,NH
5fc961c3b8cfca11a077dd33,True,{'$date': 1607033283936},2021-02-26 22:39:16.799,fetch-staff,Email,NH
5fc961c3b8cfca11a077dd33,True,{'$date': 1607033283936},2021-02-26 22:39:16.799,fetch-staff,Email,NH
5fc961c3b8cfca11a077dd33,True,{'$date': 1607033283936},2021-02-26 22:39:16.799,fetch-staff,Email,NH
5fc961c3b8cfca11a077dd33,True,{'$date': 1607033283936},2021-02-26 22:39:16.799,fetch-staff,Email,NH
5fa41775898c7a11a6bcef3e,True,{'$date': 1604589429396},2021-03-04 16:02:02.026,fetch-staff,Email,
5fa32b4d898c7a11a6bcebce,True,{'$date': 1604528973309},2021-03-04 07:21:58.047,fetch-staff,Google,AL
5fa41775898c7a11a6bcef3e,True,{'$date': 1604589429396},2021-03-04 16:02:02.026,fetch-staff,Email,
5fa41775898c7a11a6bcef3e,True,{'$date': 1604589429396},2021-03-04 16:02:02.026,fetch-staff,Email,
5fa41775898c7a11a6bcef3e,True,{'$date': 1604589429396},2021-03-04 16:02:02.026,fetch-staff,Email,
5fa41775898c7a11a6bcef3e,True,{'$date': 1604589429396},2021-03-04 16:02:02.026,fetch-staff,Email,
5fa41775898c7a11a6bcef3e,True,{'$date': 1604589429396},2021-03-04 16:02:02.026,fetch-staff,Email,
5964eb07e4b03efd0c0f267b,True,{'$date': 1499785991771},2021-03-04 19:07:49.770,fetch-staff,,IL
5fa41775898c7a11a6bcef3e,True,{'$date': 1604589429396},2021-03-04 16:02:02.026,fetch-staff,Email,
5fa41775898c7a11a6bcef3e,True,{'$date': 1604589429396},2021-03-04 16:02:02.026,fetch-staff,Email,
5fa41775898c7a11a6bcef3e,True,{'$date': 1604589429396},2021-03-04 16:02:02.026,fetch-staff,Email,
5fa41775898c7a11a6bcef3e,True,{'$date': 1604589429396},2021-03-04 16:02:02.026,fetch-staff,Email,
5fa41775898c7a11a6bcef3e,True,{'$date': 1604589429396},2021-03-04 16:02:02.026,fetch-staff,Email,
5fa41775898c7a11a6bcef3e,True,{'$date': 1604589429396},2021-03-04 16:02:02.026,fetch-staff,Email,
5fa41775898c7a11a6bcef3e,True,{'$date': 1604589429396},2021-03-04 16:02:02.026,fetch-staff,Email,
5fa41775898c7a11a6bcef3e,True,{'$date': 1604589429396},2021-03-04 16:02:02.026,fetch-staff,Email,
5fa41775898c7a11a6bcef3e,True,{'$date': 1604589429396},2021-03-04 16:02:02.026,fetch-staff,Email,
5fa41775898c7a11a6bcef3e,True,{'$date': 1604589429396},2021-03-04 16:02:02.026,fetch-staff,Email,
5fa41775898c7a11a6bcef3e,True,{'$date': 1604589429396},2021-03-04 16:02:02.026,fetch-staff,Email,
5fa41775898c7a11a6bcef3e,True,{'$date': 1604589429396},2021-03-04 16:02:02.026,fetch-staff,Email,
54943462e4b07e684157a532,True,{'$date': 1418998882381},2021-03-05 16:52:23.204,fetch-staff,,
54943462e4b07e684157a532,True,{'$date': 1418998882381},2021-03-05 16:52:23.204,fetch-staff,,
54943462e4b07e684157a532,True,{'$date': 1418998882381},2021-03-05 16:52:23.204,fetch-staff,,
54943462e4b07e684157a532,True,{'$date': 1418998882381},2021-03-05 16:52:23.204,fetch-staff,,
54943462e4b07e684157a532,True,{'$date': 1418998882381},2021-03-05 16:52:23.204,fetch-staff,,
54943462e4b07e684157a532,True,{'$date': 1418998882381},2021-03-05 16:52:23.204,fetch-staff,,
54943462e4b07e684157a532,True,{'$date': 1418998882381},2021-03-05 16:52:23.204,fetch-staff,,
54943462e4b07e684157a532,True,{'$date': 1418998882381},2021-03-05 16:52:23.204,fetch-staff,,
54943462e4b07e684157a532,True,{'$date': 1418998882381},2021-03-05 16:52:23.204,fetch-staff,,
54943462e4b07e684157a532,True,{'$date': 1418998882381},2021-03-05 16:52:23.204,fetch-staff,,
54943462e4b07e684157a532,True,{'$date': 1418998882381},2021-03-05 16:52:23.204,fetch-staff,,
54943462e4b07e684157a532,True,{'$date': 1418998882381},2021-03-05 16:52:23.204,fetch-staff,,
54943462e4b07e684157a532,True,{'$date': 1418998882381},2021-03-05 16:52:23.204,fetch-staff,,
54943462e4b07e684157a532,True,{'$date': 1418998882381},2021-03-05 16:52:23.204,fetch-staff,,
54943462e4b07e684157a532,True,{'$date': 1418998882381},2021-03-05 16:52:23.204,fetch-staff,,
54943462e4b07e684157a532,True,{'$date': 1418998882381},2021-03-05 16:52:23.204,fetch-staff,,
54943462e4b07e684157a532,True,{'$date': 1418998882381},2021-03-05 16:52:23.204,fetch-staff,,
54943462e4b07e684157a532,True,{'$date': 1418998882381},2021-03-05 16:52:23.204,fetch-staff,,
54943462e4b07e684157a532,True,{'$date': 1418998882381},2021-03-05 16:52:23.204,fetch-staff,,
54943462e4b07e684157a532,True,{'$date': 1418998882381},2021-03-05 16:52:23.204,fetch-staff,,
